##Table.S3.The main information of selected IVs of stroke,,,,,,,,,,,,,,,,,,
,,,,,,,,,,,,,,,,,,
SNP,Chr,POS,A1,A2,EAF,BETA,SE,P_value,N,fre_geno,bJ,bJ_se,pJ,LD_r,Trait_name,Ancestry,PVE,F
rs13137656,4,139209358,T,C,0.3337,0.2183,0.0489,8.04E-06,238168,0.341028,0.2183,0.0489017,8.04E-06,0,CardioEmbolicStroke,EAS,8.367E-05,19.93 
rs2129981,4,110783043,T,G,0.4505,0.31,0.0475,6.74E-11,238168,0.519119,0.314948,0.0475143,3.39E-11,0,CardioEmbolicStroke,EAS,0.000178803,42.59 
rs2359171,16,73019123,A,T,0.3013,0.2219,0.05,9.08E-06,238168,0.323113,0.222247,0.0500018,8.80E-06,-0.00172405,CardioEmbolicStroke,EAS,8.26904E-05,19.70 
rs2713949,4,110277172,T,C,0.2242,0.2561,0.053,1.35E-06,238168,0.255721,0.263463,0.0530137,6.71E-07,-0.0224037,CardioEmbolicStroke,EAS,9.8026E-05,23.35 
rs28607591,4,15141961,T,C,0.6827,-0.2219,0.0498,8.36E-06,238168,0.567192,-0.2219,0.0498018,8.36E-06,0,CardioEmbolicStroke,EAS,8.33559E-05,19.85 
rs7203740,16,81775211,T,C,0.5622,0.2772,0.0565,9.29E-07,238168,0.517162,0.277554,0.0565037,9.01E-07,0,CardioEmbolicStroke,EAS,0.000101056,24.07 
rs75053270,11,111218383,T,C,0.9162,-0.3672,0.0768,1.74E-06,238168,0.913137,-0.3672,0.0768027,1.74E-06,0,CardioEmbolicStroke,EAS,9.59749E-05,22.86 
rs751009,8,6897026,A,C,0.4285,-0.2264,0.049,3.83E-06,238168,0.514301,-0.2264,0.0490021,3.83E-06,0,CardioEmbolicStroke,EAS,8.96269E-05,21.35 
rs9696550,9,93343149,A,G,0.4538,-0.242,0.0477,3.91E-07,238168,0.465777,-0.242,0.0477024,3.91E-07,0,CardioEmbolicStroke,EAS,0.00010806,25.74 
rs10415391,19,22469634,T,C,0.1214,0.0786,0.017,3.77E-06,256274,0.19721,0.0786,0.0170007,3.78E-06,0,IschemicStroke,EAS,8.34078E-05,21.38 
rs10786740,10,103175836,C,G,0.4422,0.0568,0.0113,4.99E-07,256274,0.563228,0.0575483,0.0113038,3.56E-07,0.013816,IschemicStroke,EAS,9.85808E-05,25.27 
rs10857147,4,80259918,A,T,0.7023,-0.0679,0.0122,2.61E-08,256274,0.590476,-0.0679,0.0122007,2.62E-08,0,IschemicStroke,EAS,0.000120855,30.98 
rs11045241,12,20430087,T,C,0.2704,-0.0667,0.0127,1.50E-07,256274,0.269119,-0.0675101,0.0127023,1.07E-07,0.00195087,IschemicStroke,EAS,0.00010762,27.58 
rs11047532,12,24617841,C,G,0.2587,-0.0603,0.0134,6.80E-06,256274,0.277298,-0.0607943,0.0134013,5.72E-06,-0.0123247,IschemicStroke,EAS,7.90107E-05,20.25 
rs11191822,10,103840012,T,G,0.3576,0.0764,0.0117,6.58E-11,256274,0.319801,0.0764364,0.0117059,6.59E-11,0,IschemicStroke,EAS,0.000166356,42.64 
rs12117690,1,41532890,T,C,0.09,-0.0899,0.0201,7.73E-06,256274,0.0774287,-0.0899,0.0201008,7.73E-06,0,IschemicStroke,EAS,7.80529E-05,20.00 
rs12230074,12,89697090,A,G,0.6363,0.0575,0.0117,8.90E-07,256274,0.659625,0.0575,0.0117005,8.91E-07,0,IschemicStroke,EAS,9.42364E-05,24.15 
rs12610411,19,10782398,A,G,0.1738,-0.0694,0.0151,4.31E-06,256274,0.171216,-0.0694,0.0151006,4.31E-06,0,IschemicStroke,EAS,8.24185E-05,21.12 
rs13026829,2,2641325,T,C,0.1043,-0.0995,0.0201,7.41E-07,256274,0.13609,-0.0995,0.0201011,7.42E-07,0,IschemicStroke,EAS,9.5611E-05,24.50 
rs138058169,12,27582586,T,G,0.0131,-0.266,0.061,1.30E-05,256274,0.0346748,-0.274103,0.0610144,7.04E-06,0,IschemicStroke,EAS,7.41937E-05,19.02 
rs1410669,6,71740732,A,G,0.7077,0.0641,0.0134,1.72E-06,256274,0.698464,0.0641,0.0134007,1.72E-06,0,IschemicStroke,EAS,8.92818E-05,22.88 
rs144437860,11,18519413,A,C,0.0249,-0.2007,0.0438,4.60E-06,256274,0.0273485,-0.2007,0.0438025,4.61E-06,0,IschemicStroke,EAS,8.19231E-05,21.00 
rs1731243,2,26707543,T,C,0.2225,-0.0733,0.0139,1.34E-07,256274,0.235247,-0.0733,0.0139008,1.34E-07,0,IschemicStroke,EAS,0.000108499,27.81 
rs181685381,12,71776484,A,G,0.9848,-0.1985,0.0437,5.56E-06,256274,0.984494,-0.1985,0.0437015,5.57E-06,0,IschemicStroke,EAS,8.05042E-05,20.63 
rs245016,5,80725374,T,C,0.668,-0.0558,0.0118,2.26E-06,256274,0.651445,-0.0558,0.0118005,2.26E-06,0,IschemicStroke,EAS,8.72493E-05,22.36 
rs2528398,7,43880826,A,G,0.3544,0.0534,0.0116,4.16E-06,256274,0.286732,0.0534,0.0116004,4.16E-06,0,IschemicStroke,EAS,8.26849E-05,21.19 
rs2863994,10,103694285,T,G,0.4262,0.0549,0.0116,2.21E-06,256274,0.340426,0.0524906,0.0116042,6.09E-06,0.0217452,IschemicStroke,EAS,8.73949E-05,22.40 
rs34864700,17,44998734,A,G,0.2763,0.0605,0.0123,8.71E-07,256274,0.246638,0.0605,0.0123005,8.72E-07,0,IschemicStroke,EAS,9.43963E-05,24.19 
rs3790607,1,112510401,A,C,0.5955,-0.0548,0.0115,1.89E-06,256274,0.629566,-0.0548,0.0115005,1.89E-06,0,IschemicStroke,EAS,8.85977E-05,22.71 
rs4463047,4,154574381,T,C,0.5213,-0.05,0.0111,6.65E-06,256274,0.519922,-0.05,0.0111004,6.66E-06,0,IschemicStroke,EAS,7.9169E-05,20.29 
rs4639769,1,221819289,T,C,0.9404,0.1105,0.0241,4.54E-06,256274,0.959303,0.1105,0.024101,4.54E-06,0,IschemicStroke,EAS,8.20258E-05,21.02 
rs4744059,9,91575494,T,C,0.7198,0.0639,0.0126,3.95E-07,256274,0.676937,0.0639,0.0126006,3.95E-07,0,IschemicStroke,EAS,0.000100349,25.72 
rs58447744,2,160785144,A,G,0.2958,0.0599,0.0122,9.12E-07,256274,0.308159,0.0599,0.0122005,9.13E-07,0,IschemicStroke,EAS,9.40565E-05,24.11 
rs60401382,10,122468108,T,C,0.4474,-0.0563,0.0113,6.28E-07,256274,0.531112,-0.0563,0.0113005,6.29E-07,0,IschemicStroke,EAS,9.6853E-05,24.82 
rs6496125,15,95592748,T,C,0.5926,-0.0531,0.0113,2.61E-06,256274,0.608039,-0.0531,0.0113005,2.62E-06,0,IschemicStroke,EAS,8.61569E-05,22.08 
rs671,12,111803962,A,G,0.2311,-0.1514,0.0176,7.82E-18,256274,0.180951,-0.1514,0.0176043,7.96E-18,0,IschemicStroke,EAS,0.000288667,74.00 
rs686722,11,1870492,T,C,0.6138,0.0517,0.0117,9.92E-06,256274,0.671317,0.0517,0.0117004,9.93E-06,0,IschemicStroke,EAS,7.61854E-05,19.53 
rs76892135,18,45130137,A,G,0.951,0.1512,0.0302,5.54E-07,256274,0.998996,0.1512,0.0302019,5.55E-07,0,IschemicStroke,EAS,9.78009E-05,25.07 
rs814697,9,113964486,C,G,0.5252,-0.0523,0.0116,6.53E-06,256274,0.580038,-0.0523,0.0116005,6.53E-06,0,IschemicStroke,EAS,7.93137E-05,20.33 
rs9317953,13,70610593,T,C,0.5041,-0.0511,0.0115,8.85E-06,256274,0.50833,-0.0511,0.0115004,8.86E-06,0,IschemicStroke,EAS,7.70386E-05,19.74 
rs9521686,13,110302163,T,C,0.3123,-0.0693,0.0121,1.02E-08,256274,0.367573,-0.0693,0.0121007,1.02E-08,0,IschemicStroke,EAS,0.000127978,32.80 
rs10034519,4,104489353,A,C,0.7222,-0.1846,0.039,2.21E-06,238977,0.671969,-0.1846,0.0390016,2.21E-06,0,LargeArteryStroke,EAS,9.37427E-05,22.40 
rs10733967,10,56702396,T,C,0.7295,-0.178,0.0396,6.96E-06,238977,0.794711,-0.178,0.0396015,6.96E-06,0,LargeArteryStroke,EAS,8.45389E-05,20.20 
rs116946878,10,97509673,T,C,0.0667,0.2915,0.0642,5.61E-06,238977,0.0837013,0.2915,0.064202,5.62E-06,0,LargeArteryStroke,EAS,8.62608E-05,20.62 
rs117047424,8,29408060,A,G,0.015,0.6764,0.1392,1.18E-06,238977,0.0181152,0.672669,0.139214,1.35E-06,0,LargeArteryStroke,EAS,9.87938E-05,23.61 
rs13415136,2,9589579,A,G,0.9648,-0.3717,0.0842,1.01E-05,238977,0.945755,-0.37797,0.0842138,7.18E-06,0.0187416,LargeArteryStroke,EAS,8.15398E-05,19.49 
rs1440207,18,43647924,T,C,0.8843,-0.2446,0.0517,2.23E-06,238977,0.883782,-0.2446,0.0517019,2.23E-06,0,LargeArteryStroke,EAS,9.36559E-05,22.38 
rs2195339,5,110364375,T,C,0.6888,-0.1778,0.0379,2.71E-06,238977,0.680399,-0.1778,0.0379015,2.72E-06,0,LargeArteryStroke,EAS,9.2085E-05,22.01 
rs2286035,12,1262772,T,C,0.9082,-0.2998,0.0661,5.75E-06,238977,0.865767,-0.2998,0.066103,5.75E-06,0,LargeArteryStroke,EAS,8.6073E-05,20.57 
rs2767060,10,35833363,T,C,0.0596,0.3582,0.068,1.38E-07,238977,0.0750703,0.3582,0.068003,1.38E-07,0,LargeArteryStroke,EAS,0.000116099,27.75 
rs480,7,126316243,T,C,0.572,-0.1806,0.0362,6.07E-07,238977,0.618025,-0.1806,0.0362017,6.08E-07,0,LargeArteryStroke,EAS,0.00010414,24.89 
rs4900422,14,98907283,A,G,0.0877,0.28,0.0574,1.07E-06,238977,0.133832,0.28,0.0574022,1.07E-06,0,LargeArteryStroke,EAS,9.95618E-05,23.80 
rs62558997,9,95756372,A,C,0.8727,-0.2437,0.0508,1.61E-06,238977,0.852118,-0.2437,0.050802,1.61E-06,0,LargeArteryStroke,EAS,9.6291E-05,23.01 
rs73215220,8,21455772,C,G,0.2114,-0.2172,0.0467,3.30E-06,238977,0.256825,-0.220241,0.0467047,2.41E-06,0.0102592,LargeArteryStroke,EAS,9.05087E-05,21.63 
rs7570141,2,18094114,A,G,0.3698,0.1629,0.0366,8.55E-06,238977,0.442342,0.165604,0.0366063,6.07E-06,0,LargeArteryStroke,EAS,8.28873E-05,19.81 
rs76334482,3,62387709,A,C,0.9597,-0.3958,0.0847,2.97E-06,238977,0.994932,-0.3958,0.0847031,2.97E-06,0,LargeArteryStroke,EAS,9.13669E-05,21.84 
rs79607661,8,26201540,T,C,0.0437,0.4057,0.0869,3.03E-06,238977,0.0332196,0.405401,0.0869119,3.09E-06,0.0105414,LargeArteryStroke,EAS,9.11958E-05,21.80 
rs79681896,2,157122414,A,T,0.8724,0.2676,0.0591,5.96E-06,238977,0.870684,0.2676,0.0591028,5.96E-06,0,LargeArteryStroke,EAS,8.57835E-05,20.50 
rs80195215,10,122133760,A,G,0.9841,-0.5423,0.1223,9.24E-06,238977,0.978272,-0.5423,0.122303,9.25E-06,0,LargeArteryStroke,EAS,8.22687E-05,19.66 
rs10153582,2,137201432,T,G,0.5553,-0.0924,0.0202,4.78E-06,242774,0.537886,-0.0924,0.0202008,4.78E-06,0,SmallVesselStroke,EAS,8.6179E-05,20.92 
rs11216920,11,118591839,A,G,0.73,0.1208,0.0248,1.11E-06,242774,0.678342,0.1208,0.0248014,1.11E-06,0,SmallVesselStroke,EAS,9.77205E-05,23.73 
rs117455078,16,84452957,A,G,0.0161,0.3349,0.0732,4.76E-06,242774,0.0169109,0.3349,0.0732025,4.76E-06,0,SmallVesselStroke,EAS,8.62122E-05,20.93 
rs118150342,2,26689863,T,C,0.1054,-0.1749,0.0368,2.01E-06,242774,0.156463,-0.1749,0.036802,2.01E-06,0,SmallVesselStroke,EAS,9.30339E-05,22.59 
rs12229654,12,110976657,T,G,0.7943,0.141,0.0282,5.73E-07,242774,0.838368,0.141,0.0282018,5.74E-07,0,SmallVesselStroke,EAS,0.000102966,25.00 
rs12633178,3,79918255,T,C,0.2081,0.1079,0.0244,9.77E-06,242774,0.179797,0.10864,0.0244015,8.50E-06,0,SmallVesselStroke,EAS,8.05427E-05,19.56 
rs12641955,4,40594413,A,G,0.3246,-0.1058,0.0221,1.69E-06,242774,0.365064,-0.1058,0.022101,1.69E-06,0,SmallVesselStroke,EAS,9.43938E-05,22.92 
rs16937874,10,50529343,T,C,0.0156,0.3263,0.0722,6.20E-06,242774,0.0122943,0.3263,0.0722023,6.21E-06,0,SmallVesselStroke,EAS,8.41242E-05,20.42 
rs171306,3,8696738,T,C,0.4283,-0.1082,0.0233,3.42E-06,242774,0.530259,-0.1082,0.0233013,3.43E-06,0,SmallVesselStroke,EAS,8.88182E-05,21.56 
rs2063212,4,171129967,T,C,0.8733,-0.1321,0.0294,7.02E-06,242774,0.886993,-0.1321,0.0294011,7.02E-06,0,SmallVesselStroke,EAS,8.3152E-05,20.19 
rs2092274,22,41727733,A,G,0.0875,-0.1809,0.0406,8.36E-06,242774,0.091379,-0.1809,0.040602,8.37E-06,0,SmallVesselStroke,EAS,8.17688E-05,19.85 
rs28664061,15,95133020,T,C,0.9027,0.1725,0.0369,2.94E-06,242774,0.889803,0.172546,0.0369018,2.93E-06,0,SmallVesselStroke,EAS,9.00086E-05,21.85 
rs34365383,2,84242346,C,G,0.8166,-0.1197,0.0259,3.81E-06,242774,0.812375,-0.1197,0.0259011,3.81E-06,0,SmallVesselStroke,EAS,8.79728E-05,21.36 
rs348664,12,62060951,A,G,0.8335,-0.1207,0.0258,2.89E-06,242774,0.884534,-0.1207,0.025801,2.90E-06,0,SmallVesselStroke,EAS,9.01434E-05,21.89 
rs4246223,12,24202206,C,G,0.5013,-0.0944,0.0205,4.13E-06,242774,0.521879,-0.0944,0.0205009,4.13E-06,0,SmallVesselStroke,EAS,8.73366E-05,21.20 
rs544845,10,30215705,A,G,0.4994,-0.0928,0.0203,4.84E-06,242774,0.517764,-0.0928,0.0203008,4.85E-06,0,SmallVesselStroke,EAS,8.60725E-05,20.90 
rs55856460,3,74624845,A,G,0.2065,-0.1128,0.0256,1.05E-05,242774,0.239412,-0.113579,0.0256016,9.15E-06,0.00715446,SmallVesselStroke,EAS,7.99653E-05,19.41 
rs5748761,22,16953363,T,C,0.6344,0.1049,0.0211,6.64E-07,242774,0.565586,0.1049,0.021101,6.65E-07,0,SmallVesselStroke,EAS,0.000101798,24.72 
rs58543155,10,103883486,A,G,0.3484,0.1001,0.0206,1.18E-06,242774,0.317292,0.1001,0.0206009,1.18E-06,0,SmallVesselStroke,EAS,9.72499E-05,23.61 
rs6679635,1,15185114,A,G,0.6118,0.101,0.0211,1.70E-06,242774,0.681052,0.101,0.021101,1.70E-06,0,SmallVesselStroke,EAS,9.43702E-05,22.91 
rs76892135,18,45130137,A,G,0.9502,0.2558,0.0558,4.56E-06,242774,0.998996,0.2558,0.0558033,4.56E-06,0,SmallVesselStroke,EAS,8.65552E-05,21.01 
rs8028617,15,91492836,C,G,0.5235,0.0967,0.0214,6.22E-06,242774,0.465877,0.0967273,0.021401,6.19E-06,-0.000279309,SmallVesselStroke,EAS,8.40982E-05,20.42 
rs10047257,1,3294681,T,C,0.2451,-0.0499,0.0114,1.20E-05,264655,0.247742,-0.0504513,0.0114009,9.64E-06,-0.0100249,Stroke,EAS,7.23902E-05,19.16 
rs10857147,4,80259918,A,T,0.6747,-0.0747,0.0102,2.42E-13,264655,0.590476,-0.0747,0.010201,2.43E-13,0,Stroke,EAS,0.000202616,53.63 
rs10884284,10,106268665,T,C,0.1765,-0.0621,0.0137,5.82E-06,264655,0.178894,-0.063894,0.013705,3.13E-06,0,Stroke,EAS,7.76298E-05,20.55 
rs11045239,12,20426760,A,G,0.69,0.0542,0.0105,2.44E-07,264655,0.686722,0.0542,0.0105005,2.45E-07,0,Stroke,EAS,0.000100669,26.65 
rs11065828,12,111191585,A,C,0.2468,-0.0868,0.0119,3.01E-13,264655,0.212164,-0.0868,0.0119013,3.02E-13,0,Stroke,EAS,0.000200992,53.20 
rs11200643,10,122469687,T,C,0.4716,-0.0462,0.0097,1.91E-06,264655,0.531012,-0.0462,0.00970039,1.91E-06,0,Stroke,EAS,8.57084E-05,22.68 
rs113386200,3,63846536,T,C,0.6184,-0.0456,0.0099,4.10E-06,264655,0.603523,-0.0456,0.00990037,4.11E-06,0,Stroke,EAS,8.01575E-05,21.22 
rs116607676,6,32636362,A,C,0.0304,0.1404,0.0319,1.08E-05,264655,0.007778,0.142761,0.0319056,7.66E-06,0,Stroke,EAS,7.31882E-05,19.37 
rs117343276,10,83397941,A,G,0.9391,0.1035,0.0215,1.48E-06,264655,0.956744,0.1035,0.021501,1.48E-06,0,Stroke,EAS,8.75559E-05,23.17 
rs1202403,7,149200341,C,G,0.0301,0.2365,0.0504,2.70E-06,264655,0.0290546,0.2365,0.0504063,2.71E-06,0,Stroke,EAS,8.31927E-05,22.02 
rs12037987,1,112500200,T,C,0.7012,-0.0515,0.0105,9.35E-07,264655,0.695253,-0.0515,0.0105004,9.36E-07,0,Stroke,EAS,9.089E-05,24.06 
rs12610411,19,10782398,A,G,0.1722,-0.0636,0.0128,6.74E-07,264655,0.171216,-0.0636,0.0128006,6.75E-07,0,Stroke,EAS,9.32768E-05,24.69 
rs12700025,7,19236660,A,G,0.3926,0.0461,0.01,4.03E-06,264655,0.376957,0.0461,0.0100004,4.03E-06,0,Stroke,EAS,8.02947E-05,21.25 
rs13394970,2,26706414,T,G,0.771,0.071,0.0116,9.32E-10,264655,0.7639,0.071,0.0116008,9.34E-10,0,Stroke,EAS,0.000141533,37.46 
rs144437860,11,18519413,A,C,0.0252,-0.1737,0.0364,1.82E-06,264655,0.0273485,-0.1737,0.0364021,1.83E-06,0,Stroke,EAS,8.60358E-05,22.77 
rs1973765,11,1877434,T,C,0.2693,-0.0543,0.011,7.96E-07,264655,0.278202,-0.0543,0.0110005,7.97E-07,0,Stroke,EAS,9.20649E-05,24.37 
rs2501966,6,49490122,A,G,0.3824,0.0422,0.0098,1.66E-05,264655,0.377509,0.0434677,0.00980421,9.27E-06,0,Stroke,EAS,7.00587E-05,18.54 
rs2863994,10,103694285,T,G,0.406,0.0499,0.01,6.04E-07,264655,0.340426,0.0460457,0.0100149,4.27E-06,-0.0231952,Stroke,EAS,9.40763E-05,24.90 
rs3738684,1,228269335,A,T,0.1026,-0.0744,0.0162,4.38E-06,264655,0.0898234,-0.0744,0.0162006,4.38E-06,0,Stroke,EAS,7.96895E-05,21.09 
rs4744059,9,91575494,T,C,0.7081,0.051,0.0106,1.50E-06,264655,0.676937,0.051,0.0106004,1.50E-06,0,Stroke,EAS,8.74602E-05,23.15 
rs4918016,10,103458497,T,C,0.4782,-0.0457,0.0097,2.46E-06,264655,0.451576,-0.0431131,0.0097173,9.13E-06,-0.0496528,Stroke,EAS,8.38634E-05,22.20 
rs4918058,10,103836883,C,G,0.6527,-0.0681,0.01,9.76E-12,264655,0.6806,-0.0663255,0.010006,3.39E-11,-0.00689197,Stroke,EAS,0.000175202,46.38 
rs57481061,12,89625401,C,G,0.7805,0.0658,0.0117,1.87E-08,264655,0.81388,0.0658,0.0117007,1.87E-08,0,Stroke,EAS,0.000119495,31.63 
rs58426234,5,157122677,T,C,0.0318,0.1483,0.0327,5.76E-06,264655,0.0174127,0.1483,0.0327017,5.76E-06,0,Stroke,EAS,7.77093E-05,20.57 
rs59799520,19,23974057,A,C,0.2095,0.0545,0.0118,3.86E-06,264655,0.25828,0.0545,0.0118004,3.87E-06,0,Stroke,EAS,8.05961E-05,21.33 
rs6021246,20,51492425,T,C,0.5561,-0.0489,0.0096,3.51E-07,264655,0.572461,-0.0489,0.00960044,3.51E-07,0,Stroke,EAS,9.80285E-05,25.95 
rs6597167,6,5817232,C,G,0.2957,0.0522,0.0117,8.14E-06,264655,0.274037,0.0522,0.0117005,8.14E-06,0,Stroke,EAS,7.52067E-05,19.91 
rs691413,7,49864603,A,G,0.8972,0.0808,0.0167,1.31E-06,264655,0.927188,0.0808,0.0167008,1.31E-06,0,Stroke,EAS,8.84446E-05,23.41 
rs7134677,12,54047714,T,C,0.4015,-0.0468,0.0099,2.28E-06,264655,0.379014,-0.0468,0.0099004,2.28E-06,0,Stroke,EAS,8.44315E-05,22.35 
rs73127528,2,236094778,A,C,0.285,0.0489,0.011,8.77E-06,264655,0.283872,0.0489,0.0110004,8.78E-06,0,Stroke,EAS,7.46655E-05,19.76 
rs7637164,3,169043882,A,C,0.282,-0.05,0.0108,3.66E-06,264655,0.342684,-0.05,0.0108004,3.67E-06,0,Stroke,EAS,8.09799E-05,21.43 
rs7649237,3,76369300,A,G,0.3509,-0.0537,0.0101,1.06E-07,264655,0.314031,-0.0537,0.0101005,1.06E-07,0,Stroke,EAS,0.000106802,28.27 
rs7712171,5,33104850,A,C,0.4722,-0.0429,0.0096,7.87E-06,264655,0.453533,-0.0429,0.00960033,7.87E-06,0,Stroke,EAS,7.545E-05,19.97 
rs880315,1,10736809,T,C,0.3345,-0.0497,0.0101,8.62E-07,264655,0.369129,-0.0501355,0.0101009,6.92E-07,0,Stroke,EAS,9.14851E-05,24.21 
rs9381416,6,46041395,T,G,0.468,0.0442,0.0099,8.02E-06,264655,0.436421,0.0454376,0.0099043,4.48E-06,-0.0292334,Stroke,EAS,7.53115E-05,19.93 
rs9467581,6,25710320,T,C,0.1054,0.0689,0.0154,7.68E-06,264655,0.125552,0.0700217,0.0154026,5.46E-06,-0.0188504,Stroke,EAS,7.56283E-05,20.02 
rs9521686,13,110302163,T,C,0.331,-0.0608,0.0102,2.51E-09,264655,0.367573,-0.0608,0.0102006,2.52E-09,0,Stroke,EAS,0.000134236,35.53 
rs11592832,10,105512186,T,C,0.1158,0.1373,0.0241,1.22E-08,1308460,0.10936,0.124559,0.0242092,2.67E-07,0,CardioEmbolicStroke,EU,2.48048E-05,32.46 
rs117015542,8,58188782,T,G,0.9597,-0.2185,0.0432,4.24E-07,1308460,0.962137,-0.2185,0.0432004,4.24E-07,0,CardioEmbolicStroke,EU,1.95509E-05,25.58 
rs2289252,4,187207381,T,C,0.398,0.0895,0.0162,3.30E-08,1308460,0.394499,0.0895,0.0162002,3.30E-08,0,CardioEmbolicStroke,EU,2.33263E-05,30.52 
rs34163229,10,75406912,T,G,0.1434,-0.1219,0.0242,4.72E-07,1308460,0.142796,-0.1219,0.0242002,4.73E-07,0,CardioEmbolicStroke,EU,1.93913E-05,25.37 
rs3853445,4,111761487,T,C,0.7335,0.0903,0.0184,9.22E-07,1308460,0.738507,0.100021,0.0184133,5.57E-08,0,CardioEmbolicStroke,EU,1.84065E-05,24.08 
rs635634,9,136155000,T,C,0.1974,0.1092,0.02,4.76E-08,1308460,0.179758,0.1092,0.0200002,4.76E-08,0,CardioEmbolicStroke,EU,2.27832E-05,29.81 
rs6584555,10,105299611,T,C,0.825,-0.125,0.0206,1.30E-09,1308460,0.835553,-0.114909,0.0206934,2.81E-08,-0.0961993,CardioEmbolicStroke,EU,2.81393E-05,36.82 
rs6843082,4,111718067,A,G,0.7844,-0.2582,0.0187,2.30E-43,1308460,0.795352,-0.262033,0.0187145,1.52E-44,0.0398864,CardioEmbolicStroke,EU,0.000145682,190.65 
rs7681423,4,155542248,T,C,0.2474,0.0965,0.0186,2.12E-07,1308460,0.242823,0.0965,0.0186002,2.12E-07,0,CardioEmbolicStroke,EU,2.05712E-05,26.92 
rs879324,16,73068678,A,G,0.1779,0.1365,0.0204,2.21E-11,1308460,0.170559,0.1365,0.0204003,2.22E-11,0,CardioEmbolicStroke,EU,3.4216E-05,44.77 
rs10757274,9,22096055,A,G,0.528,-0.0445,0.0069,1.12E-10,1308460,0.515391,-0.0445,0.0069001,1.12E-10,0,IschemicStroke,EU,3.17869E-05,41.59 
rs10774625,12,111910219,A,G,0.4789,0.0645,0.0071,1.04E-19,1308460,0.476003,0.0645,0.00710021,1.04E-19,0,IschemicStroke,EU,6.30688E-05,82.53 
rs11906160,20,33565755,A,G,0.1212,-0.0677,0.0109,5.26E-10,1308460,0.105091,-0.0677,0.0109001,5.27E-10,0,IschemicStroke,EU,2.94816E-05,38.58 
rs13109457,4,155514879,A,G,0.2703,0.0598,0.0079,3.74E-14,1308460,0.254026,0.0598,0.00790016,3.75E-14,0,IschemicStroke,EU,4.37894E-05,57.30 
rs1471539,6,49460152,A,G,0.5941,0.0374,0.0071,1.38E-07,1308460,0.596685,0.0374,0.00710007,1.38E-07,0,IschemicStroke,EU,2.12059E-05,27.75 
rs17148904,5,121502942,T,C,0.0977,-0.0679,0.0124,4.36E-08,1308460,0.102041,-0.0679,0.0124001,4.36E-08,0,IschemicStroke,EU,2.29153E-05,29.98 
rs17477177,7,106411858,T,C,0.7671,-0.0403,0.0082,8.89E-07,1308460,0.800722,-0.0403,0.00820007,8.90E-07,0,IschemicStroke,EU,1.84592E-05,24.15 
rs1861087,14,92371353,T,C,0.1618,0.047,0.0095,7.52E-07,1308460,0.159441,0.047,0.00950008,7.52E-07,0,IschemicStroke,EU,1.8706E-05,24.48 
rs2276109,11,102745791,T,C,0.8563,-0.0584,0.0099,3.66E-09,1308460,0.880038,-0.0584,0.00990012,3.66E-09,0,IschemicStroke,EU,2.6594E-05,34.80 
rs2287921,19,49228272,T,C,0.5059,-0.0355,0.0072,8.20E-07,1308460,0.479315,-0.0355,0.00720006,8.20E-07,0,IschemicStroke,EU,1.8579E-05,24.31 
rs2289252,4,187207381,T,C,0.4053,0.0423,0.0071,2.56E-09,1308460,0.394499,0.0423,0.00710009,2.56E-09,0,IschemicStroke,EU,2.71264E-05,35.49 
rs2351524,2,203880992,T,C,0.1244,-0.0685,0.0109,3.29E-10,1308460,0.123236,-0.0685,0.0109002,3.29E-10,0,IschemicStroke,EU,3.01825E-05,39.49 
rs2526375,17,56429094,A,G,0.8189,-0.0505,0.009,2.01E-08,1308460,0.817899,-0.0505,0.0090001,2.01E-08,0,IschemicStroke,EU,2.40617E-05,31.48 
rs35536987,14,56024021,A,G,0.9077,0.0612,0.0125,9.78E-07,1308460,0.905026,0.0612,0.0125001,9.78E-07,0,IschemicStroke,EU,1.83195E-05,23.97 
rs3749487,4,79437155,T,C,0.1877,-0.0445,0.009,7.64E-07,1308460,0.173559,-0.0445,0.00900008,7.64E-07,0,IschemicStroke,EU,1.86839E-05,24.45 
rs3793917,10,124219275,C,G,0.7712,0.0431,0.0084,2.88E-07,1308460,0.780861,0.0431,0.00840008,2.88E-07,0,IschemicStroke,EU,2.01199E-05,26.33 
rs42041,7,92246744,C,G,0.753,0.0547,0.0083,4.39E-11,1308460,0.759213,0.0547,0.00830013,4.39E-11,0,IschemicStroke,EU,3.31928E-05,43.43 
rs4648473,1,3223764,A,G,0.2282,-0.0468,0.009,1.99E-07,1308460,0.229763,-0.046937,0.00900013,1.84E-07,-0.00261984,IschemicStroke,EU,2.06651E-05,27.04 
rs4932370,15,91404705,A,G,0.3247,0.043,0.0078,3.53E-08,1308460,0.337932,0.0424005,0.00780089,5.47E-08,-0.0146531,IschemicStroke,EU,2.32261E-05,30.39 
rs55791371,19,11188153,A,C,0.8903,0.0658,0.0114,7.84E-09,1308460,0.883721,0.0658,0.0114001,7.84E-09,0,IschemicStroke,EU,2.54607E-05,33.32 
rs635634,9,136155000,T,C,0.1974,0.0619,0.0088,2.01E-12,1308460,0.179758,0.0619,0.00880015,2.01E-12,0,IschemicStroke,EU,3.78128E-05,49.48 
rs6843082,4,111718067,A,G,0.7635,-0.0704,0.0084,5.25E-17,1308460,0.795352,-0.0704,0.00840021,5.26E-17,0,IschemicStroke,EU,5.36788E-05,70.24 
rs7183672,15,96101018,A,G,0.677,-0.0436,0.008,5.04E-08,1308460,0.655835,-0.0429779,0.00800091,7.80E-08,0,IschemicStroke,EU,2.26998E-05,29.70 
rs76110445,6,1364866,T,C,0.8828,-0.0827,0.0113,2.51E-13,1308460,0.897609,-0.0827,0.0113002,2.51E-13,0,IschemicStroke,EU,4.09332E-05,53.56 
rs80335285,17,45055107,A,G,0.8626,-0.0531,0.0102,1.93E-07,1308460,0.871319,-0.0531,0.0102001,1.93E-07,0,IschemicStroke,EU,2.07119E-05,27.10 
rs880315,1,10796866,T,C,0.6315,-0.0454,0.0076,2.32E-09,1308460,0.655335,-0.0455008,0.00760013,2.14E-09,0,IschemicStroke,EU,2.72717E-05,35.68 
rs887953,1,156191149,T,C,0.6583,0.0486,0.0073,2.78E-11,1308460,0.66211,0.0486,0.00730011,2.79E-11,0,IschemicStroke,EU,3.38728E-05,44.32 
rs9534448,13,47212961,A,G,0.76,0.0407,0.0083,9.41E-07,1308460,0.767292,0.0407,0.00830007,9.41E-07,0,IschemicStroke,EU,1.83766E-05,24.05 
rs9936280,16,87566487,A,G,0.2922,0.043,0.0077,2.34E-08,1308460,0.280256,0.043,0.00770008,2.35E-08,0,IschemicStroke,EU,2.38333E-05,31.19 
rs9940520,16,73074012,C,G,0.1244,-0.0556,0.0112,6.90E-07,1308460,0.138232,-0.0556,0.0112001,6.90E-07,0,IschemicStroke,EU,1.88341E-05,24.64 
rs10455872,6,161010118,A,G,0.936,-0.2327,0.0457,3.54E-07,1308460,0.924452,-0.2327,0.0457005,3.55E-07,0,LargeArteryStroke,EU,1.98149E-05,25.93 
rs11670056,19,18589943,T,C,0.0776,0.2246,0.0435,2.43E-07,1308460,0.0732459,0.2246,0.0435005,2.43E-07,0,LargeArteryStroke,EU,2.03738E-05,26.66 
rs2023938,7,19036775,T,C,0.9007,-0.2128,0.0347,8.65E-10,1308460,0.899285,-0.2128,0.0347004,8.65E-10,0,LargeArteryStroke,EU,2.87416E-05,37.61 
rs505922,9,136149229,T,C,0.6549,-0.1278,0.0235,5.38E-08,1308460,0.67881,-0.1278,0.0235003,5.38E-08,0,LargeArteryStroke,EU,2.26025E-05,29.58 
rs569444,11,102707305,A,G,0.1327,0.1615,0.0303,9.82E-08,1308460,0.122657,0.1615,0.0303003,9.82E-08,0,LargeArteryStroke,EU,2.17115E-05,28.41 
rs59192960,5,31181789,T,C,0.0395,0.2814,0.057,7.94E-07,1308460,0.0393396,0.2814,0.0570005,7.94E-07,0,LargeArteryStroke,EU,1.86264E-05,24.37 
rs113358410,5,103872028,T,C,0.975,-0.3557,0.0718,7.27E-07,1308460,0.970831,-0.3557,0.0718008,7.27E-07,0,SmallVesselStroke,EU,1.87564E-05,24.54 
rs117847998,7,53009639,C,G,0.0607,0.2237,0.0456,9.31E-07,1308460,0.056947,0.2237,0.0456005,9.31E-07,0,SmallVesselStroke,EU,1.83922E-05,24.07 
rs12520006,5,87100609,A,G,0.9107,-0.1759,0.0351,5.40E-07,1308460,0.910796,-0.1759,0.0351003,5.40E-07,0,SmallVesselStroke,EU,1.91933E-05,25.11 
rs76110445,6,1364866,T,C,0.8902,-0.1698,0.0325,1.75E-07,1308460,0.897609,-0.1698,0.0325003,1.75E-07,0,SmallVesselStroke,EU,2.08612E-05,27.30 
rs1052053,1,156202173,A,G,0.6231,0.0529,0.0067,2.89E-15,1308460,0.614725,0.0529,0.00670015,2.90E-15,0,Stroke,EU,4.7641E-05,62.34 
rs10774625,12,111910219,A,G,0.4796,0.0546,0.0065,4.46E-17,1308460,0.476003,0.0546,0.00650016,4.47E-17,0,Stroke,EU,5.39231E-05,70.56 
rs11191822,10,105599770,T,G,0.6653,0.0385,0.0072,8.93E-08,1308460,0.639355,0.0385,0.00720008,8.93E-08,0,Stroke,EU,2.18518E-05,28.59 
rs11906160,20,33565755,A,G,0.1206,-0.0634,0.0101,3.45E-10,1308460,0.105091,-0.0634,0.0101001,3.45E-10,0,Stroke,EU,3.01136E-05,39.40 
rs12875271,13,110792743,A,G,0.9102,0.0669,0.0119,1.89E-08,1308460,0.909665,0.0669,0.0119001,1.89E-08,0,Stroke,EU,2.41539E-05,31.61 
rs13411940,2,101086966,T,C,0.2156,-0.0382,0.0078,9.71E-07,1308460,0.226566,-0.0382,0.00780006,9.71E-07,0,Stroke,EU,1.83303E-05,23.98 
rs17148904,5,121502942,T,C,0.098,-0.0673,0.0114,3.56E-09,1308460,0.102041,-0.0673,0.0114002,3.56E-09,0,Stroke,EU,2.66347E-05,34.85 
rs17477177,7,106411858,T,C,0.7705,-0.0436,0.008,5.04E-08,1308460,0.800722,-0.0436,0.00800009,5.04E-08,0,Stroke,EU,2.26998E-05,29.70 
rs2276109,11,102745791,T,C,0.8573,-0.0546,0.0092,2.94E-09,1308460,0.880038,-0.0546,0.00920011,2.94E-09,0,Stroke,EU,2.69177E-05,35.22 
rs2351524,2,203880992,T,C,0.1244,-0.0625,0.0101,6.09E-10,1308460,0.123236,-0.0625,0.0101001,6.09E-10,0,Stroke,EU,2.92647E-05,38.29 
rs2501968,6,49459978,A,G,0.5951,0.0373,0.0065,9.55E-09,1308460,0.59516,0.0373,0.00650007,9.56E-09,0,Stroke,EU,2.51663E-05,32.93 
rs2526375,17,56429094,A,G,0.8191,-0.0455,0.0083,4.21E-08,1308460,0.817899,-0.0459934,0.00830067,3.01E-08,0,Stroke,EU,2.29666E-05,30.05 
rs3749487,4,79437155,T,C,0.1875,-0.044,0.0084,1.62E-07,1308460,0.173559,-0.044,0.00840008,1.62E-07,0,Stroke,EU,2.0969E-05,27.44 
rs3793917,10,124219275,C,G,0.7715,0.0401,0.0078,2.73E-07,1308460,0.780861,0.0401,0.00780007,2.73E-07,0,Stroke,EU,2.0199E-05,26.43 
rs42041,7,92246744,C,G,0.7526,0.0477,0.0076,3.47E-10,1308460,0.759213,0.0477,0.00760011,3.47E-10,0,Stroke,EU,3.01048E-05,39.39 
rs4648473,1,3223764,A,G,0.2281,-0.0462,0.0083,2.60E-08,1308460,0.229763,-0.0463315,0.00830013,2.38E-08,-0.00261984,Stroke,EU,2.36787E-05,30.98 
rs4977574,9,22098574,A,G,0.5281,-0.0461,0.0064,5.88E-13,1308460,0.516895,-0.0461,0.00640011,5.89E-13,0,Stroke,EU,3.96519E-05,51.88 
rs55791371,19,11188153,A,C,0.8899,0.0544,0.0104,1.69E-07,1308460,0.883721,0.0544,0.0104001,1.69E-07,0,Stroke,EU,2.09104E-05,27.36 
rs56805315,17,46682334,A,G,0.0406,0.0898,0.0184,1.06E-06,1308460,0.0442097,0.0921321,0.0184028,5.55E-07,0.0134933,Stroke,EU,1.82032E-05,23.82 
rs6050,4,155507590,T,C,0.7244,-0.0601,0.0089,1.45E-11,1308460,0.745333,-0.0601,0.00890021,1.45E-11,0,Stroke,EU,3.48492E-05,45.60 
rs60675007,16,83018052,A,G,0.7986,0.0403,0.0081,6.51E-07,1308460,0.802096,0.0408184,0.00810071,4.68E-07,-0.000302108,Stroke,EU,1.89178E-05,24.75 
rs635634,9,136155000,T,C,0.1971,0.0561,0.0081,4.33E-12,1308460,0.179758,0.0561,0.00810013,4.33E-12,0,Stroke,EU,3.66589E-05,47.97 
rs6843082,4,111718067,A,G,0.7656,-0.0682,0.0079,5.98E-18,1308460,0.795352,-0.0682,0.00790022,5.99E-18,0,Stroke,EU,5.69547E-05,74.53 
rs76110445,6,1364866,T,C,0.8833,-0.0747,0.0105,1.12E-12,1308460,0.897609,-0.0747,0.0105002,1.13E-12,0,Stroke,EU,3.86799E-05,50.61 
rs80335285,17,45055107,A,G,0.8635,-0.0479,0.0094,3.47E-07,1308460,0.871319,-0.0484566,0.00940074,2.54E-07,0.0133068,Stroke,EU,1.98448E-05,25.97 
rs8060701,16,73073289,A,G,0.0906,-0.057,0.0116,8.93E-07,1308460,0.102737,-0.0577337,0.011601,6.47E-07,0.0128641,Stroke,EU,1.84529E-05,24.15 
rs880315,1,10796866,T,C,0.6328,-0.0436,0.0069,2.64E-10,1308460,0.655335,-0.0436964,0.00690012,2.41E-10,0,Stroke,EU,3.05141E-05,39.93 
rs9936280,16,87566487,A,G,0.2915,0.0363,0.0071,3.18E-07,1308460,0.280256,0.0363107,0.00710006,3.15E-07,0,Stroke,EU,1.99769E-05,26.14 
rs9951854,18,62833162,A,G,0.2321,0.038,0.0077,8.01E-07,1308460,0.231688,0.038,0.00770006,8.01E-07,0,Stroke,EU,1.8613E-05,24.35 
